{
    "data": {
        "productGroupData": [
            {
                "year": 2019,
                "yearType": "Current",
                "yearlyBookings": "12385174",
                "productGroups": [
                    {
                        "group": "WORKSPACE ONE",
                        "groupBookings": "1107013"
                    },
                    {
                        "group": "COMPUTE",
                        "groupBookings": "3952801"
                    },
                    {
                        "group": "VREALIZE MANAGEMENT",
                        "groupBookings": "3235516"
                    },
                    {
                        "group": "DESKTOP",
                        "groupBookings": "1117854"
                    },
                    {
                        "group": "Other Products",
                        "groupBookings": "1494160"
                    },
                    {
                        "group": "STORAGE & AVAILABILITY",
                        "groupBookings": "1372135"
                    },
                    {
                        "group": "SDDC SOLUTIONS",
                        "groupBookings": "105693"
                    }
                ]
            },
            {
                "year": 2015,
                "yearType": "Previous",
                "yearlyBookings": "4066976",
                "productGroups": [
                    {
                        "group": "DESKTOP",
                        "groupBookings": "648970"
                    },
                    {
                        "group": "VCPP",
                        "groupBookings": "880522"
                    },
                    {
                        "group": "STORAGE & AVAILABILITY",
                        "groupBookings": "577481"
                    },
                    {
                        "group": "COMPUTE",
                        "groupBookings": "352619"
                    },
                    {
                        "group": "VREALIZE MANAGEMENT",
                        "groupBookings": "4839"
                    },
                    {
                        "group": "SERVICES",
                        "groupBookings": "1590930"
                    },
                    {
                        "group": "Other Products",
                        "groupBookings": "11612"
                    }
                ]
            },
            {
                "year": 2016,
                "yearType": "Previous",
                "yearlyBookings": "7295976",
                "productGroups": [
                    {
                        "group": "VREALIZE MANAGEMENT",
                        "groupBookings": "1550534"
                    },
                    {
                        "group": "DESKTOP",
                        "groupBookings": "194524"
                    },
                    {
                        "group": "VCPP",
                        "groupBookings": "1413727"
                    },
                    {
                        "group": "STORAGE & AVAILABILITY",
                        "groupBookings": "36724"
                    },
                    {
                        "group": "COMPUTE",
                        "groupBookings": "4092336"
                    },
                    {
                        "group": "Other Products",
                        "groupBookings": "728359"
                    },
                    {
                        "group": "SERVICES",
                        "groupBookings": "-736480"
                    },
                    {
                        "group": "MOBILE",
                        "groupBookings": "16250"
                    }
                ]
            },
            {
                "year": 2018,
                "yearType": "Previous",
                "yearlyBookings": "26224344",
                "productGroups": [
                    {
                        "group": "DESKTOP",
                        "groupBookings": "3073147"
                    },
                    {
                        "group": "VCPP",
                        "groupBookings": "-107301"
                    },
                    {
                        "group": "STORAGE & AVAILABILITY",
                        "groupBookings": "5556968"
                    },
                    {
                        "group": "COMPUTE",
                        "groupBookings": "824177"
                    },
                    {
                        "group": "VREALIZE MANAGEMENT",
                        "groupBookings": "8020471"
                    },
                    {
                        "group": "MOBILE",
                        "groupBookings": "910210"
                    },
                    {
                        "group": "Other Products",
                        "groupBookings": "5417426"
                    },
                    {
                        "group": "WORKSPACE ONE",
                        "groupBookings": "1375443"
                    },
                    {
                        "group": "SDDC SOLUTIONS",
                        "groupBookings": "1153800"
                    }
                ]
            }
        ],
        "productClassData": [
            {
                "year": 2019,
                "yearType": "Current",
                "yearlyBookings": "12385174",
                "productClasses": [
                    {
                        "productClass": "LICENSE & SUBSCRIPTION",
                        "classBookings": "736250"
                    },
                    {
                        "productClass": "SUPT & MAINT",
                        "classBookings": "10668946"
                    },
                    {
                        "productClass": "LICENSE & SUBSCRIPTION",
                        "classBookings": "168631"
                    },
                    {
                        "productClass": "LICENSE & SUBSCRIPTION",
                        "classBookings": "168631"
                    },
                    {
                        "productClass": "LICENSE & SUBSCRIPTION",
                        "classBookings": "168631"
                    },
                    {
                        "productClass": "PSO",
                        "classBookings": "811345"
                    },
                    {
                        "productClass": "PSO",
                        "classBookings": "811345"
                    },
                    {
                       "productClass": "PSO",
                        "classBookings": "811345"
                    },
                    {
                        "productClass": "SUPT & MAINT",
                        "classBookings": "10668946"
                    },
                    {
                        "productClass": "SUPT & MAINT",
                        "classBookings": "10668946"
                    },
                    {
                        "productClass": "SUPT & MAINT",
                        "classBookings": "10668946"
                    },
                    {
                        "productClass": "SUPT & MAINT",
                        "classBookings": "10668946"
                    },
                    {
                        "productClass": "SUPT & MAINT",
                        "classBookings": "10668946"
                    },
                    {
                        "productClass": "SUPT & MAINT",
                        "classBookings": "10668946"
                    },
                    {
                        "productClass": "SUPT & MAINT",
                        "classBookings": "10668946"
                    }
                ]
            },
            {
                "year": 2015,
                "yearType": "Previous",
                "yearlyBookings": "4066976",
                "productClasses": [
                    {
                        "productClass": "LICENSE & SUBSCRIPTION",
                        "classBookings": "6482"
                    },
                    {
                        "productClass": "LICENSE & SUBSCRIPTION",
                        "classBookings": "1890253"
                    },
                    {
                        "productClass": "LICENSE & SUBSCRIPTION",
                        "classBookings": "1890253"
                    },
                    {
                        "productClass": "LICENSE & SUBSCRIPTION",
                        "classBookings": "1890253"
                    },
                    {
                        "productClass": "LICENSE & SUBSCRIPTION",
                        "classBookings": "1890253"
                    },
                    {
                        "productClass": "LICENSE & SUBSCRIPTION",
                        "classBookings": "1890253"
                    },
                    {
                        "productClass": "PSO",
                        "classBookings": "1746044"
                    },
                    {
                        "productClass": "PSO",
                        "classBookings": "1746044"
                    },
                    {
                        "productClass": "PSO",
                        "classBookings": "1746044"
                    },
                    {
                        "productClass": "PSO",
                        "classBookings": "1746044"
                    },
                    {
                        "productClass": "SUPT & MAINT",
                        "classBookings": "417347"
                    },
                    {
                        "productClass": "SUPT & MAINT",
                        "classBookings": "417347"
                    },
                    {
                        "productClass": "SUPT & MAINT",
                        "classBookings": "417347"
                    },
                    {
                        "productClass": "LICENSE & SUBSCRIPTION",
                        "classBookings": "6850"
                    }
                ]
            },
            {
                "year": 2016,
                "yearType": "Previous",
                "yearlyBookings": "7295976",
                "productClasses": [
                    {
                        "productClass": "LICENSE & SUBSCRIPTION",
                        "classBookings": "112500"
                    },
                    {
                        "productClass": "LICENSE & SUBSCRIPTION",
                        "classBookings": "2946195"
                    },
                    {
                        "productClass": "LICENSE & SUBSCRIPTION",
                        "classBookings": "2946195"
                    },
                    {
                        "productClass": "LICENSE & SUBSCRIPTION",
                        "classBookings": "2946195"
                    },
                    {
                        "productClass": "LICENSE & SUBSCRIPTION",
                        "classBookings": "2946195"
                    },
                    {
                        "productClass": "LICENSE & SUBSCRIPTION",
                        "classBookings": "2946195"
                    },
                    {
                        "productClass": "LICENSE & SUBSCRIPTION",
                        "classBookings": "2946195"
                    },
                    {
                        "productClass": "PSO",
                        "classBookings": "3395314"
                    },
                    {
                        "productClass": "PSO",
                        "classBookings": "3395314"
                    },
                    {
                        "productClass": "PSO",
                        "classBookings": "3395314"
                    },
                    {
                        "productClass": "PSO",
                        "classBookings": "3395314"
                    },
                    {
                        "productClass": "PSO",
                        "classBookings": "3395314"
                    },
                    {
                        "productClass": "PSO",
                        "classBookings": "3395314"
                    },
                    {
                        "productClass": "SUPT & MAINT",
                        "classBookings": "841967"
                    },
                    {
                        "productClass": "SUPT & MAINT",
                        "classBookings": "841967"
                    },
                    {
                        "productClass": "SUPT & MAINT",
                        "classBookings": "841967"
                    },
                    {
                        "productClass": "SUPT & MAINT",
                        "classBookings": "841967"
                    },
                    {
                        "productClass": "SUPT & MAINT",
                        "classBookings": "841967"
                    },
                    {
                        "productClass": "SUPT & MAINT",
                        "classBookings": "841967"
                    },
                    {
                        "productClass": "LICENSE & SUBSCRIPTION",
                        "classBookings": "2946195"
                    },
                    {
                        "productClass": "SUPT & MAINT",
                        "classBookings": "841967"
                    },
                    {
                        "productClass": "SUPT & MAINT",
                        "classBookings": "841967"
                    }
                ]
            },
            {
                "year": 2018,
                "yearType": "Previous",
                "yearlyBookings": "26224344",
                "productClasses": [
                    {
                        "productClass": "LICENSE & SUBSCRIPTION",
                        "classBookings": "18039628"
                    },
                    {
                        "productClass": "LICENSE & SUBSCRIPTION",
                        "classBookings": "18039628"
                    },
                    {
                        "productClass": "LICENSE & SUBSCRIPTION",
                        "classBookings": "18039628"
                    },
                    {
                        "productClass": "LICENSE & SUBSCRIPTION",
                        "classBookings": "18039628"
                    },
                    {
                        "productClass": "PSO",
                        "classBookings": "-493634"
                    },
                    {
                        "productClass": "PSO",
                        "classBookings": "-493634"
                    },
                    {
                        "productClass": "PSO",
                        "classBookings": "-493634"
                    },
                    {
                        "productClass": "PSO",
                        "classBookings": "-493634"
                    },
                    {
                        "productClass": "PSO",
                        "classBookings": "-493634"
                    },
                    {
                        "productClass": "SUPT & MAINT",
                        "classBookings": "8172282"
                    },
                    {
                        "productClass": "SUPT & MAINT",
                        "classBookings": "8172282"
                    },
                    {
                        "productClass": "SUPT & MAINT",
                        "classBookings": "8172282"
                    },
                    {
                        "productClass": "SUPT & MAINT",
                        "classBookings": "8172282"
                    },
                    {
                        "productClass": "LICENSE & SUBSCRIPTION",
                        "classBookings": "18039628"
                    },
                    {
                        "productClass": "LICENSE & SUBSCRIPTION",
                        "classBookings": "18039628"
                    },
                    {
                        "productClass": "LICENSE & SUBSCRIPTION",
                        "classBookings": "18039628"
                    },
                    {
                        "productClass": "LICENSE & SUBSCRIPTION",
                        "classBookings": "18039628"
                    },
                    {
                        "productClass": "LICENSE & SUBSCRIPTION",
                        "classBookings": "18039628"
                    },
                    {
                        "productClass": "LICENSE & SUBSCRIPTION",
                        "classBookings": "18039628"
                    },
                    {
                        "productClass": "LICENSE & SUBSCRIPTION",
                        "classBookings": "18039628"
                    },
                    {
                        "productClass": "SUPT & MAINT",
                        "classBookings": "8172282"
                    },
                    {
                        "productClass": "SUPT & MAINT",
                        "classBookings": "8172282"
                    },
                    {
                        "productClass": "SUPT & MAINT",
                        "classBookings": "8172282"
                    },
                    {
                        "productClass": "SUPT & MAINT",
                        "classBookings": "8172282"
                    },
                    {
                        "productClass": "SUPT & MAINT",
                        "classBookings": "8172282"
                    },
                    {
                        "productClass": "SUPT & MAINT",
                        "classBookings": "8172282"
                    },
                    {
                        "productClass": "SUPT & MAINT",
                        "classBookings": "8172282"
                    },
                    {
                        "productClass": "SUPT & MAINT",
                        "classBookings": "8172282"
                    },
                    {
                        "productClass": "LICENSE & SUBSCRIPTION",
                        "classBookings": "506068"
                    },
                    {
                        "productClass": "LICENSE & SUBSCRIPTION",
                        "classBookings": "506068"
                    }
                ]
            }
        ],
        "elaData": [
            {
                "year": 2019,
                "yearType": "Current",
                "yearlyBookings": "12385174",
                "elas": [
                    {
                        "elaBookings": "736486",
                        "transactionsBookings": "0"
                    },
                    {
                        "elaBookings": "736486",
                        "transactionsBookings": "11648688"
                    }
                ]
            },
            {
                "year": 2015,
                "yearType": "Previous",
                "yearlyBookings": "4066976",
                "elas": [
                    {
                        "elaBookings": "736486",
                        "transactionsBookings": "4066976"
                    }
                ]
            },
            {
                "year": 2016,
                "yearType": "Previous",
                "yearlyBookings": "7295976",
                "elas": [
                    {
                        "elaBookings": "736486",
                        "transactionsBookings": "5987687"
                    },
                    {
                        "elaBookings": "1308289",
                        "transactionsBookings": "5987687"
                    }
                ]
            },
            {
                "year": 2018,
                "yearType": "Previous",
                "yearlyBookings": "26224344",
                "elas": [
                    {
                        "elaBookings": "1308289",
                        "transactionsBookings": "-404133"
                    },
                    {
                        "elaBookings": "26628477",
                        "transactionsBookings": "-404133"
                    }
                ]
            }
        ],
        "pipelineData": [
            {
                "quarter": "20Q3",
                "productGroups": [
                    {
                        "group": "COMPUTE",
                        "opportunitiesAmount": "3274786"
                    }
                ]
            }
        ]
    }
}
