{
    "threeYearAmbition": [],
    "goalPlan": [],
    "accountTeamGoalId":"",
    "KeyOpportunities":{
        "quarters": [],
        "stage": [],
        "products": [],
        "opportunitiesGraph": [],
        "opportunitiesDetails": [],
        "filterDetails" : {
            "labelsQuarter":[],
            "labelsStage":[],
            "labelsProduct":[],
            "dropdownQuarter":{},
            "dropdownStage":{},
            "dropdownProduct":{},
            "evp":""
        },
        "filterValues": {},
        "maxRange":"",
        "searchInput":""
    }
}